{
  "L": 3,
  "ps": [
    0.01,
    0.015,
    0.02,
    0.025,
    0.03
  ],
  "ler": {
    "mwpm": [
      0.000955,
      0.002065,
      0.003335,
      0.00533,
      0.00751
    ],
    "uf": [
      0.00163,
      0.00346,
      0.00581,
      0.0089,
      0.012565
    ],
    "uf_list": [
      0.000955,
      0.002065,
      0.003335,
      0.00533,
      0.00751
    ]
  },
  "ler_sem": {
    "mwpm": [
      6.906837101742013e-05,
      0.00010150703854905826,
      0.00012891620873652776,
      0.00016281263925138,
      0.00019304921522762014
    ],
    "uf": [
      9.020374437904448e-05,
      0.00013130172123776594,
      0.0001699447542585531,
      0.00021000940455132003,
      0.00024906947600017145
    ],
    "uf_list": [
      6.906837101742013e-05,
      0.00010150703854905826,
      0.00012891620873652776,
      0.00016281263925138,
      0.00019304921522762014
    ]
  },
  "meta": {
    "num_shots": 200000,
    "num_shots_per_p": [
      200000,
      200000,
      200000,
      200000,
      200000
    ],
    "config_flags": {
      "use_mwpm": true,
      "use_uf": true,
      "use_peel_listdecoding": true
    }
  }
}