{
  "code_type": "repetition_code",
  "ps": [
    0.01,
    0.015,
    0.02,
    0.025,
    0.03
  ],
  "by_L": {
    "7": {
      "L": 7,
      "ps": [
        0.01,
        0.015,
        0.02,
        0.025,
        0.03
      ],
      "ler": {
        "mwpm": [
          1.25e-06,
          1.1e-05,
          3.45e-05,
          7e-05,
          0.000227
        ],
        "uf": [
          1.6e-05,
          7.8e-05,
          0.000263,
          0.000579,
          0.001242
        ],
        "uf_list": [
          2e-06,
          1.633333333333333e-05,
          5.45e-05,
          0.000113,
          0.000321
        ]
      },
      "ler_sem": {
        "mwpm": [
          5.590166449892168e-07,
          1.9148436837855286e-06,
          4.153240286210274e-06,
          8.366307429206747e-06,
          1.5064809026336843e-05
        ],
        "uf": [
          1.9999839999359994e-06,
          5.098820647953799e-06,
          1.1465836886158812e-05,
          2.4055451752149658e-05,
          3.52201282791531e-05
        ],
        "uf_list": [
          7.071060740794128e-07,
          2.333314277699967e-06,
          5.220011003340894e-06,
          1.062954519252823e-05,
          1.7913597042470282e-05
        ]
      },
      "meta": {
        "num_shots": 10000,
        "num_shots_per_p": [
          4000000,
          3000000,
          2000000,
          1000000,
          1000000
        ],
        "config_flags": {
          "use_mwpm": true,
          "use_uf": true,
          "use_peel_listdecoding": true
        }
      }
    }
  },
  "meta": {
    "num_shots": 10000,
    "num_shots_per_p": [
      4000000,
      3000000,
      2000000,
      1000000,
      1000000
    ],
    "list_size": 24,
    "config_flags": {
      "use_mwpm": true,
      "use_uf": true,
      "use_peel_listdecoding": true
    },
    "output_format": "pdf",
    "with_error_bars": true
  }
}