{
  "L": 5,
  "ps": [
    0.01,
    0.015,
    0.02,
    0.025,
    0.03
  ],
  "ler": {
    "mwpm": [
      3.75e-05,
      0.0001475,
      0.0003475,
      0.0006325,
      0.0012075
    ],
    "uf": [
      0.0001475,
      0.0005075,
      0.00127,
      0.002525,
      0.0040625
    ],
    "uf_list": [
      4e-05,
      0.0001625,
      0.00037,
      0.00068,
      0.001305
    ]
  },
  "ler_sem": {
    "mwpm": [
      9.682276817722161e-06,
      1.9201448106197616e-05,
      2.946944365567494e-05,
      3.9752356651838896e-05,
      5.490997049147814e-05
    ],
    "uf": [
      1.9201448106197616e-05,
      3.5610477522423086e-05,
      5.631134654756535e-05,
      7.935087231719636e-05,
      0.00010057330776291989
    ],
    "uf_list": [
      9.999799997999959e-06,
      2.015400665810647e-05,
      3.0408185575597896e-05,
      4.121703531308383e-05,
      5.708101643716587e-05
    ]
  },
  "meta": {
    "num_shots": 400000,
    "num_shots_per_p": [
      400000,
      400000,
      400000,
      400000,
      400000
    ],
    "config_flags": {
      "use_mwpm": true,
      "use_uf": true,
      "use_peel_listdecoding": true
    }
  }
}