{
  "L": 9,
  "ps": [
    0.01,
    0.015,
    0.02,
    0.025,
    0.03
  ],
  "ler": {
    "mwpm": [
      1.25e-07,
      6.666666666666667e-07,
      3.75e-06,
      7.333333333333333e-06,
      3.0333333333333333e-05
    ],
    "uf": [
      6.25e-07,
      8.833333333333334e-06,
      4.725e-05,
      0.000123,
      0.000323
    ],
    "uf_list": [
      1.25e-07,
      1.8333333333333333e-06,
      8e-06,
      2.0666666666666666e-05,
      7.466666666666666e-05
    ]
  },
  "ler_sem": {
    "mwpm": [
      1.2499999218749976e-07,
      3.333332222222037e-07,
      9.682440210892087e-07,
      1.56346618720026e-06,
      3.1797491107644653e-06
    ],
    "uf": [
      2.795084098410547e-07,
      1.2133462892318056e-06,
      3.436850572744617e-06,
      6.402730433182394e-06,
      1.0374579043668871e-05
    ],
    "uf_list": [
      1.2499999218749976e-07,
      5.527702916857691e-07,
      1.414207905507532e-06,
      2.6246421696144638e-06,
      4.9886902608318465e-06
    ]
  },
  "meta": {
    "num_shots": 10000,
    "num_shots_per_p": [
      8000000,
      6000000,
      4000000,
      3000000,
      3000000
    ],
    "config_flags": {
      "use_mwpm": true,
      "use_uf": true,
      "use_peel_listdecoding": true
    }
  }
}